0,EC:3.4.21.32/0.0056
1,EC:1.11.1.7/0.0114
2,EC:1.12.1.2/0.0111,EC:4.2.3.38/0.0105
3,EC:3.1.3.48/0.0036
4,EC:3.4.21.107/0.0001
5,EC:3.1.3.1/0.0002
6,EC:3.2.2.22/0.0394
7,EC:2.4.1.198/0.0004
8,EC:3.5.1.76/0.0010,EC:4.99.1.10/0.0010,EC:2.4.1.198/0.0009,EC:3.1.1.4/0.0009
9,EC:3.2.1.4/0.0005
10,EC:3.2.1.14/0.0046,EC:3.6.4.13/0.0042
11,EC:2.1.1.113/0.0001
12,EC:3.2.2.22/0.0342
13,EC:3.2.2.22/0.5283
14,EC:7.1.2.2/0.0000,EC:3.1.1.59/0.0000
15,EC:2.1.1.86/0.0037
16,EC:1.14.14.138/0.0014
17,EC:1.11.1.11/0.0011
18,EC:1.11.1.7/0.0363
19,EC:4.2.3.58/0.0014,EC:2.7.13.3/0.0009,EC:4.2.3.80/0.0008
20,EC:3.1.21.4/0.0012
21,EC:2.8.4.1/0.0085,EC:3.2.2.22/0.0056
22,EC:2.7.13.3/0.0003
23,EC:7.2.1.1/0.0000
24,EC:2.3.1.12/0.0004,EC:2.7.1.19/0.0004
25,EC:1.12.2.1/0.0105
26,EC:3.2.2.6/0.0038
27,EC:2.7.13.3/0.0015
28,EC:3.1.1.4/0.0060
29,EC:4.2.1.2/0.0163
30,EC:7.2.4.5/0.0001
31,EC:4.2.3.47/0.0005
32,EC:2.5.1.83/0.0073
33,EC:1.14.14.91/0.0000
34,EC:2.3.1.48/0.0016
35,EC:3.2.2.22/0.1012
36,EC:4.2.1.2/0.0122
37,EC:3.1.3.1/0.0166
38,EC:1.14.13.240/0.0002
39,EC:2.8.4.1/0.0003
40,EC:6.2.1.14/0.0001
41,EC:3.2.2.22/0.0003
42,EC:4.1.1.112/0.8135,EC:4.1.3.17/0.7699
43,EC:2.1.1.210/0.0003,EC:1.1.5.2/0.0002
44,EC:2.7.11.1/0.0087
45,EC:1.11.1.28/0.0000
46,EC:3.1.11.6/0.0635
47,EC:2.1.1.86/0.0089
48,EC:6.2.1.14/0.0089
49,EC:3.2.2.6/0.0015
50,EC:1.14.15.39/0.0000
51,EC:3.5.1.2/0.0001
52,EC:3.9.1.3/0.0001
53,EC:1.14.11.27/0.0011
54,EC:2.7.1.19/0.0008,EC:3.1.3.3/0.0008
55,EC:4.2.3.126/0.0000
56,EC:2.7.1.21/0.0000
57,EC:2.7.11.1/0.0003
58,EC:1.1.1.41/0.0003
59,EC:3.5.1.76/0.1323
60,EC:3.11.1.2/0.0039
61,EC:2.7.13.3/0.0032,EC:2.7.10.1/0.0029
62,EC:2.6.1.1/0.0081
63,EC:1.1.5.2/0.0001,EC:1.8.5.2/0.0000,EC:2.1.1.86/0.0000
64,EC:3.6.4.13/0.0001
65,EC:4.2.3.131/0.0000,EC:4.2.3.163/0.0000,EC:4.2.3.171/0.0000
66,EC:3.1.1.59/0.0666
67,EC:1.4.3.5/0.0366
68,EC:2.3.1.48/0.0003
69,EC:4.2.3.38/0.0000
70,EC:4.6.1.24/0.0003
71,EC:1.14.15.39/0.0002
72,EC:4.1.2.4/0.0003
73,EC:2.4.2.46/0.0000
74,EC:4.2.1.78/0.0011
75,EC:2.1.1.86/0.0005,EC:1.1.99.22/0.0003
76,EC:3.2.2.22/0.0001
77,EC:2.7.11.18/0.0000
78,EC:2.7.11.1/0.0001,EC:2.7.11.22/0.0001,EC:2.7.11.23/0.0000
79,EC:3.5.4.4/0.0000,EC:4.4.1.5/0.0000,EC:1.11.1.7/0.0000
80,EC:7.2.2.6/0.0011,EC:7.2.2.9/0.0009,EC:7.2.2.10/0.0007
81,EC:2.3.2.27/0.1166
82,EC:1.1.99.22/0.0101
83,EC:4.2.3.101/0.0004
84,EC:1.14.14.74/0.0002
85,EC:1.16.1.7/0.0045,EC:1.11.1.7/0.0036
86,EC:6.2.1.14/0.0001,EC:3.8.1.9/0.0001
87,EC:4.2.3.47/0.0005,EC:2.7.7.48/0.0004
88,EC:3.5.1.76/0.0005
89,EC:2.1.1.148/0.0022
90,EC:2.7.13.3/0.0076
91,EC:2.4.1.198/0.0074
92,EC:5.2.1.8/0.0144
93,EC:3.4.23.42/0.0006
94,EC:3.1.11.6/0.0017
95,EC:2.1.1.86/0.0003,EC:1.15.1.1/0.0002
96,EC:3.5.1.2/0.9400,EC:4.3.2.10/0.8222
97,EC:1.1.1.1/0.0004
98,EC:3.2.2.22/0.0008
99,EC:3.2.2.22/0.0011
100,EC:2.3.2.13/0.0000
101,EC:2.1.1.17/0.0003
102,EC:2.1.1.86/0.0010
103,EC:3.2.1.14/0.0033
104,EC:2.7.13.3/0.0001
105,EC:3.2.2.22/0.0012
106,EC:3.2.2.22/0.0044,EC:5.3.4.1/0.0028
107,EC:6.3.3.7/0.0000
108,EC:3.6.4.12/0.0001
109,EC:2.7.13.3/0.0116
110,EC:3.6.1.5/0.0001
111,EC:3.1.21.4/0.0001,EC:2.7.13.3/0.0000
112,EC:2.7.13.3/0.0002,EC:2.1.1.86/0.0002,EC:4.2.3.67/0.0001
113,EC:1.1.1.49/0.0007,EC:3.6.1.5/0.0006
114,EC:6.2.1.14/0.1599
115,EC:1.14.14.51/0.0004
116,EC:3.2.2.22/0.0006
117,EC:2.3.1.263/0.1210
118,EC:2.1.1.148/0.0860
119,EC:3.2.2.22/0.0044
120,EC:4.3.2.10/0.0001
121,EC:4.2.2.25/0.0016
122,EC:2.1.1.148/0.2994
123,EC:2.3.1.234/0.0001
124,EC:2.5.1.83/0.0930
125,EC:1.11.1.23/0.0001
126,EC:3.1.11.6/0.0006,EC:2.7.13.3/0.0005
127,EC:2.7.13.3/0.0032
128,EC:4.2.3.102/0.0178,EC:4.2.3.94/0.0139,EC:4.2.3.54/0.0118,EC:4.2.3.47/0.0115
129,EC:2.7.11.18/0.0001,EC:2.7.11.1/0.0001
130,EC:3.6.4.12/0.0243
131,EC:2.7.13.3/0.0155
132,EC:1.16.1.7/0.0003
133,EC:3.1.11.6/0.0014,EC:2.7.1.199/0.0014
134,EC:1.97.1.9/0.0000,EC:1.2.1.58/0.0000
135,EC:2.7.13.3/0.0331
136,EC:1.12.98.3/0.7398
137,EC:1.14.14.51/0.0001
138,EC:1.1.5.2/0.0004,EC:2.1.1.86/0.0003
139,EC:2.7.13.3/0.0001
140,EC:1.11.1.7/0.0019
141,EC:5.2.1.8/0.0000
142,EC:3.1.21.4/0.0133
143,EC:3.2.2.22/0.0259
144,EC:3.6.1.9/0.0013
145,EC:2.7.10.1/0.0326
146,EC:2.1.1.148/0.0001
147,EC:2.7.7.48/0.0004
148,EC:3.6.4.12/0.0021
149,EC:5.1.3.42/0.0007
150,EC:3.6.4.10/0.0035
151,EC:1.3.7.5/0.0169
152,EC:1.2.1.70/0.0011
153,EC:4.3.3.2/0.0000
154,EC:1.14.14.111/0.0005
155,EC:3.2.2.22/0.0133
156,EC:3.2.1.132/0.0019
157,EC:4.2.3.38/0.0144
158,EC:1.8.1.9/0.0084
159,EC:3.2.1.14/0.0054
160,EC:3.1.21.4/0.0000,EC:5.3.3.7/0.0000
161,EC:3.4.23.44/0.0022
162,EC:4.1.3.27/0.0016
163,EC:2.7.13.3/0.0007
164,EC:2.1.1.318/0.0017
165,EC:4.2.2.n1/0.0005
166,EC:2.7.13.3/0.0592
167,EC:4.2.3.126/0.0000
168,EC:1.11.1.7/0.0001
169,EC:4.2.3.58/0.0000,EC:3.4.22.45/0.0000
170,EC:1.3.7.5/0.0014,EC:3.5.2.6/0.0014
171,EC:1.3.99.17/0.0000
172,EC:7.2.4.3/0.0007
173,EC:4.2.3.81/0.0002
174,EC:2.7.8.40/0.0003
175,EC:7.1.2.2/0.0005,EC:3.4.21.53/0.0004
176,EC:2.1.1.86/0.0009
177,EC:3.1.1.3/0.0208,EC:3.1.1.5/0.0117
178,EC:3.1.21.4/0.0000
179,EC:2.1.1.86/0.0091
180,EC:2.7.13.3/0.0441
181,EC:1.3.7.2/0.0014,EC:3.1.21.4/0.0010
182,EC:2.7.13.3/0.0008
183,EC:2.7.11.18/0.0011
184,EC:3.2.2.22/0.0005
185,EC:1.6.5.4/0.0001
186,EC:3.1.3.73/0.0015,EC:3.1.3.3/0.0007
187,EC:4.6.1.2/0.0000,EC:2.7.13.3/0.0000
188,EC:1.15.1.1/0.0003,EC:5.2.1.8/0.0003
189,EC:7.1.2.2/0.0001
190,EC:2.8.4.1/0.0003,EC:2.4.1.198/0.0003,EC:3.6.4.12/0.0003
191,EC:3.4.24.11/0.0001
192,EC:1.11.1.7/0.0011
193,EC:3.2.2.21/0.0000,EC:2.1.1.n11/0.0000
194,EC:3.1.1.75/0.0000
195,EC:2.1.1.148/0.0006
196,EC:2.7.1.17/0.0003
197,EC:3.1.11.6/0.0121
198,EC:1.8.4.11/0.0000
199,EC:1.14.11.27/0.0006
200,EC:3.2.2.22/0.0000,EC:1.1.1.22/0.0000
201,EC:2.1.1.210/0.0032
202,EC:3.6.4.12/0.1858
203,EC:5.4.99.5/0.0307
204,EC:3.2.2.22/0.0005
205,EC:2.5.1.18/0.0389
206,EC:3.11.1.2/0.0019
207,EC:5.4.99.5/0.0553
208,EC:3.1.3.48/0.0001
209,EC:5.3.4.1/0.0029
210,EC:4.3.3.2/0.0004
211,EC:2.8.4.1/0.0000
212,EC:1.11.1.7/0.0022
213,EC:3.2.2.22/0.0004
214,EC:5.2.1.8/0.0006
215,EC:3.2.2.22/0.0063
216,EC:6.3.1.2/0.0000
217,EC:2.7.13.3/0.0026,EC:3.6.4.13/0.0021
218,EC:3.2.2.22/0.0153
219,EC:3.2.2.22/0.0128
220,EC:2.7.13.3/0.0031
221,EC:1.11.1.9/0.0033
222,EC:2.7.11.1/0.0000
223,EC:2.4.1.198/0.0001
224,EC:5.3.4.1/0.0013
225,EC:2.7.13.3/0.0002
226,EC:2.7.13.3/0.0028
227,EC:2.3.2.27/0.0000
228,EC:2.1.1.177/0.0002,EC:1.14.13.25/0.0001
229,EC:4.3.3.7/0.9894
230,EC:3.2.1.14/0.0003,EC:1.14.14.1/0.0002
231,EC:2.7.11.1/0.0100
232,EC:2.7.1.86/0.0006,EC:3.4.24.58/0.0004
233,EC:1.1.1.100/0.8997
234,EC:2.1.1.86/0.0002,EC:2.8.4.1/0.0002
235,EC:5.4.99.5/0.0001,EC:3.4.21.53/0.0001
236,EC:2.3.1.81/0.6248
237,EC:3.1.3.3/0.0002
238,EC:3.1.11.6/0.0141,EC:2.7.7.7/0.0112
239,EC:2.4.1.328/0.0002,EC:1.14.14.58/0.0001
240,EC:4.1.3.27/0.0001
241,EC:3.1.26.12/0.0015,EC:2.7.11.1/0.0012
242,EC:1.16.1.7/0.0012,EC:3.1.3.48/0.0010
243,EC:1.1.1.100/0.4382
244,EC:1.8.1.9/0.0004,EC:3.6.4.12/0.0003
245,EC:3.2.1.14/0.0005
246,EC:4.2.3.120/0.0000
247,EC:3.6.4.12/0.0051
248,EC:2.7.10.1/0.0003
249,EC:1.1.1.100/0.9707
250,EC:2.1.1.148/0.0111
251,EC:2.1.1.210/0.0002
252,EC:2.7.11.1/0.0000
253,EC:1.1.1.100/0.0553
254,EC:3.6.4.12/0.0006
255,EC:5.4.99.5/0.0029
256,EC:3.6.4.12/0.0001
257,EC:2.1.1.86/0.0004
258,EC:3.2.2.22/0.0005
259,EC:3.2.2.22/0.0011
260,EC:6.2.1.14/0.0014
261,EC:7.2.2.9/0.0008
262,EC:1.1.1.233/0.0034
263,EC:2.7.11.1/0.0028
264,EC:2.7.13.3/0.0002
265,EC:3.5.2.6/0.0519
266,EC:7.1.2.2/0.0000
267,EC:1.11.2.5/0.0127
268,EC:3.1.21.4/0.4889
269,EC:2.8.2.21/0.0000
270,EC:2.1.1.148/0.0177
271,EC:3.6.4.12/0.0433
272,EC:3.6.1.9/0.0001
273,EC:7.2.4.3/0.0000,EC:2.7.7.6/0.0000
274,EC:1.1.1.n4/0.0006
275,EC:3.6.4.13/0.0000,EC:2.1.1.148/0.0000,EC:6.2.1.14/0.0000
276,EC:1.1.1.100/0.0007
277,EC:2.4.1.198/0.0000
278,EC:4.2.3.197/0.0000,EC:4.2.3.66/0.0000
279,EC:5.3.4.1/0.0018,EC:1.3.99.17/0.0013
280,EC:2.1.1.86/0.0005
281,EC:1.16.1.7/0.0000,EC:4.99.1.10/0.0000
282,EC:1.6.5.4/0.0002
283,EC:2.7.13.3/0.0020
284,EC:3.1.3.48/0.0000
285,EC:5.4.99.5/0.0564
286,EC:3.4.23.43/0.0573
287,EC:2.7.13.3/0.0312
288,EC:6.3.4.19/0.0004,EC:2.1.1.210/0.0003
289,EC:6.3.1.2/0.0000
290,EC:3.1.1.3/0.0013
291,EC:5.3.4.1/0.0007
292,EC:1.3.99.17/0.0000,EC:1.4.3.2/0.0000
293,EC:1.14.14.103/0.0004
294,EC:3.2.2.22/0.5045
295,EC:5.2.1.8/0.1487
296,EC:3.4.24.64/0.0002
297,EC:4.3.1.18/0.0000
298,EC:3.2.2.22/0.0070
299,EC:3.1.8.1/0.0001,EC:3.1.1.14/0.0001
300,EC:3.2.2.22/0.0031
301,EC:3.5.2.6/0.0105
302,EC:5.3.3.7/0.0020
303,EC:2.8.4.1/0.0005
304,EC:2.7.10.1/0.0402
305,EC:3.8.1.9/0.0000
306,EC:3.5.1.2/0.0001
307,EC:4.2.3.47/0.0056
308,EC:3.9.1.3/0.0000
309,EC:1.1.1.1/0.0004,EC:1.1.1.269/0.0004
310,EC:2.1.1.148/0.0027
311,EC:1.8.1.9/0.0008,EC:1.11.1.24/0.0008
312,EC:3.6.4.12/0.1046
313,EC:1.1.1.391/0.0000
314,EC:2.1.1.198/0.0002
315,EC:3.4.21.97/0.0005
316,EC:3.4.21.97/0.0000
317,EC:2.3.2.27/0.0000
318,EC:2.1.1.86/0.0061
319,EC:1.1.2.6/0.0000
320,EC:1.1.1.30/0.0002
321,EC:2.7.13.3/0.1035
322,EC:3.2.2.22/0.0019
323,EC:3.1.1.42/0.0000
324,EC:2.7.13.3/0.2741,EC:2.7.7.65/0.1768
325,EC:1.1.5.2/0.0028,EC:2.1.1.86/0.0020
326,EC:6.4.1.8/0.0003
327,EC:2.4.2.45/0.0579
328,EC:1.11.1.7/0.0009,EC:3.5.2.6/0.0008,EC:3.1.3.48/0.0006,EC:3.2.1.1/0.0005,EC:2.7.11.1/0.0005
329,EC:7.1.2.2/0.0002
330,EC:3.2.1.14/0.0046
331,EC:2.3.2.27/0.0038,EC:2.7.13.3/0.0027
332,EC:2.7.13.3/0.0080
333,EC:2.1.1.148/0.0007
334,EC:2.7.13.3/0.2045
335,EC:1.1.1.56/0.0000
336,EC:5.4.99.5/0.0000
337,EC:2.3.1.80/0.0000
338,EC:3.2.2.22/0.0002,EC:1.1.2.7/0.0002
339,EC:3.6.5.2/0.0001
340,EC:5.4.99.5/0.0013,EC:4.6.1.1/0.0011
341,EC:3.6.4.12/0.0004
342,EC:3.4.23.1/0.0005
343,EC:3.6.1.9/0.0011
344,EC:3.5.2.6/0.0010
345,EC:3.6.4.12/0.0013,EC:3.6.4.13/0.0008
346,EC:2.5.1.83/0.0008
347,EC:2.3.1.234/0.0002
348,EC:1.1.1.295/0.0002
349,EC:3.1.3.48/0.0000
350,EC:2.1.3.1/0.0000
351,EC:2.7.1.19/0.0005
352,EC:3.1.21.10/0.0018,EC:3.1.26.5/0.0013,EC:3.1.21.4/0.0013,EC:2.7.7.7/0.0013,EC:3.6.4.12/0.0011
353,EC:3.1.1.59/0.0030
354,EC:3.2.1.14/0.0032
355,EC:3.6.4.12/0.0006,EC:3.6.4.13/0.0005
356,EC:2.7.10.1/0.0141
357,EC:3.1.3.69/0.0001,EC:2.7.1.165/0.0001
358,EC:1.11.1.7/0.1123
359,EC:7.1.3.1/0.0001
360,EC:2.7.10.1/0.0001
361,EC:3.2.2.5/0.0036,EC:2.4.2.31/0.0025
362,EC:1.6.5.4/0.0001
363,EC:5.4.99.5/0.0163
364,EC:6.2.1.14/0.0099
365,EC:3.1.7.6/0.0001
366,EC:7.3.2.6/0.0031
367,EC:4.2.3.38/0.0008
368,EC:1.6.5.4/0.0021,EC:3.2.1.14/0.0017
369,EC:3.6.4.13/0.0009
370,EC:2.7.4.25/0.0385
371,EC:3.5.2.19/0.0038
372,EC:1.3.7.5/0.0180
373,EC:2.7.13.3/0.0147
374,EC:1.6.3.4/0.0000
375,EC:2.7.10.1/0.0001,EC:2.4.2.46/0.0001
376,EC:2.4.1.305/0.0001
377,EC:3.6.4.12/0.0002
378,EC:2.7.13.3/0.0040
379,EC:1.13.12.6/0.0006,EC:1.4.9.1/0.0004
380,EC:2.5.1.83/0.0088,EC:3.1.21.4/0.0072
381,EC:1.1.1.16/0.0004
382,EC:4.2.1.1/0.0006
383,EC:2.8.4.1/0.0002
384,EC:3.6.4.12/0.0005
385,EC:6.2.1.9/0.8564,EC:6.2.1.5/0.8371
386,EC:2.8.4.1/0.0000,EC:3.4.21.97/0.0000
387,EC:3.2.2.22/0.0018
388,EC:3.1.1.3/0.0000,EC:3.1.1.42/0.0000
389,EC:4.2.3.47/0.0008
390,EC:3.1.1.4/0.0006
391,EC:6.2.1.14/0.0139,EC:3.1.21.4/0.0086
392,EC:3.2.2.22/0.0028
393,EC:2.3.2.27/0.0007
394,EC:5.4.99.5/0.0017,EC:3.6.4.13/0.0012
395,EC:1.14.13.240/0.0015
396,EC:3.6.1.27/0.0017
397,EC:2.7.7.7/0.0010
398,EC:2.4.1.305/0.0005
399,EC:5.4.99.5/0.0050
400,EC:2.1.1.86/0.0001
401,EC:5.1.3.6/0.0821
402,EC:1.15.1.1/0.0001
403,EC:1.3.99.17/0.0001,EC:4.1.1.99/0.0001
404,EC:2.3.1.234/0.0002
405,EC:3.5.4.12/0.0000,EC:3.5.1.76/0.0000
406,EC:2.3.1.48/0.0255
407,EC:2.8.4.1/0.0000
408,EC:2.7.13.3/0.0011,EC:7.5.2.3/0.0007
409,EC:7.4.2.6/0.0001
410,EC:3.2.1.58/0.0001
411,EC:7.4.2.9/0.0169
412,EC:5.2.1.8/0.0000
413,EC:3.6.4.12/0.0001
414,EC:2.4.1.328/0.0000
415,EC:1.11.2.5/0.0078
416,EC:6.2.1.14/0.0005
417,EC:3.2.2.22/0.0126
418,EC:1.1.99.22/0.0002,EC:3.2.2.22/0.0002
419,EC:1.14.13.7/0.0000,EC:2.7.7.6/0.0000
420,EC:3.1.21.4/0.0005,EC:2.7.11.1/0.0005
421,EC:4.1.1.48/0.8970
422,EC:2.1.1.86/0.0004
423,EC:2.1.1.148/0.0002
424,EC:1.11.1.7/0.3207
425,EC:3.1.11.6/0.0081
426,EC:3.1.11.6/0.0150
427,EC:3.2.2.22/0.0068
428,EC:4.2.1.1/0.0003
429,EC:2.7.13.3/0.0035
430,EC:2.1.1.148/0.0003
431,EC:2.3.1.136/0.0006
432,EC:1.14.14.103/0.0001,EC:5.5.1.13/0.0001
433,EC:3.2.2.22/0.0375
434,EC:3.1.1.31/0.0045
435,EC:2.4.1.32/0.0002
436,EC:1.3.7.5/0.0001
437,EC:3.2.2.22/0.0378
438,EC:1.3.8.12/0.0000,EC:1.3.8.14/0.0000
439,EC:1.11.1.24/0.0008
440,EC:2.7.13.3/0.0091,EC:2.7.11.1/0.0088
441,EC:3.2.2.22/0.0045
442,EC:4.1.1.28/0.0003,EC:4.1.1.22/0.0002
443,EC:4.3.2.10/0.0001
444,EC:2.7.11.1/0.0023
445,EC:3.4.23.1/0.0002
446,EC:5.4.99.5/0.0009
447,EC:2.1.1.n11/0.0000
448,EC:3.6.1.15/0.0010,EC:3.6.4.12/0.0010
449,EC:3.6.4.12/0.0001
450,EC:2.7.11.1/0.0128
451,EC:2.1.1.292/0.0000,EC:2.1.1.343/0.0000
452,EC:3.2.2.22/0.0033
453,EC:2.7.7.7/0.0035
454,EC:6.2.1.14/0.0033
455,EC:4.2.3.47/0.0086
456,EC:2.1.1.359/0.0004
457,EC:5.3.4.1/0.0046
458,EC:3.6.4.12/0.0000
459,EC:2.7.13.3/0.0050
460,EC:3.6.4.13/0.0163
461,EC:4.1.1.4/0.0001
462,EC:4.2.3.47/0.0000
463,EC:3.6.4.12/0.1193
464,EC:1.11.2.5/0.2226
465,EC:3.6.4.12/0.0032
466,EC:3.4.23.34/0.0001
467,EC:2.4.1.356/0.0000
468,EC:3.6.4.12/0.0003
469,EC:3.2.2.22/0.0003,EC:1.5.99.12/0.0003
470,EC:1.3.7.12/0.0025
471,EC:4.2.3.47/0.0003,EC:3.6.4.12/0.0003,EC:2.7.11.1/0.0002
472,EC:1.2.1.31/0.0003,EC:1.8.1.4/0.0002,EC:1.2.1.3/0.0002
473,EC:2.3.1.255/0.0000
474,EC:3.2.2.22/0.0097
475,EC:3.1.26.5/0.0560
476,EC:3.1.21.4/0.0026
477,EC:2.7.13.3/0.0001,EC:2.7.10.1/0.0001
478,EC:3.6.4.12/0.0002
479,EC:3.2.2.22/0.0013
480,EC:3.6.4.12/0.0000
481,EC:2.7.13.3/0.0794
482,EC:3.1.11.6/0.0200
483,EC:3.6.4.13/0.0000
484,EC:1.1.1.9/0.0006
485,EC:3.6.1.5/0.0003,EC:3.6.4.10/0.0003,EC:3.4.11.2/0.0003
486,EC:3.6.4.12/0.0113
487,EC:1.1.1.4/0.0002
488,EC:4.6.1.1/0.0020,EC:3.2.2.22/0.0015
489,EC:2.1.1.86/0.0013
490,EC:3.6.4.10/0.0000
491,EC:2.1.1.86/0.0002
492,EC:3.1.3.48/0.0001
493,EC:3.6.4.10/0.0092
494,EC:1.8.5.2/0.0001
495,EC:3.6.1.9/0.0004
496,EC:2.1.1.86/0.0009
497,EC:1.4.3.2/0.0000
498,EC:3.2.2.22/0.0041
499,EC:1.1.1.9/0.0273
500,EC:2.8.4.1/0.0000,EC:2.7.7.6/0.0000
501,EC:1.1.1.23/0.0000
502,EC:2.2.1.6/0.9824
503,EC:5.2.1.8/0.3111
504,EC:5.4.99.5/0.0005
505,EC:3.4.23.1/0.0001,EC:4.6.1.24/0.0000
506,EC:2.6.1.1/0.0003,EC:2.4.1.33/0.0003
507,EC:5.6.2.1/0.0031
508,EC:2.3.1.80/0.0000
509,EC:3.6.4.12/0.0003
510,EC:3.1.3.48/0.0000
511,EC:2.7.7.7/0.0024
512,EC:3.4.24.11/0.0000,EC:2.7.1.221/0.0000
513,EC:4.2.3.126/0.0000
514,EC:6.2.1.50/0.0000
515,EC:4.2.99.18/0.0013
516,EC:3.6.4.13/0.0000
517,EC:4.2.3.4/0.8465
518,EC:1.15.1.1/0.0072,EC:4.2.1.1/0.0070
519,EC:3.2.2.22/0.0163
520,EC:2.3.1.n6/0.0000
521,EC:4.1.1.28/0.0001
522,EC:5.1.3.14/0.3607
523,EC:2.3.1.136/0.0024,EC:3.1.3.48/0.0015
524,EC:2.1.1.86/0.0009
525,EC:3.6.4.12/0.0005
526,EC:2.4.1.331/0.0000
527,EC:6.2.1.14/0.0011
528,EC:3.2.2.22/0.0002,EC:3.4.11.1/0.0002,EC:3.4.11.10/0.0001
529,EC:5.4.99.5/0.0413
530,EC:3.6.4.12/0.0093
531,EC:2.7.13.3/0.0004
532,EC:2.7.13.3/0.0052
533,EC:3.4.21.107/0.0006
534,EC:1.1.5.2/0.0001
535,EC:2.7.13.3/0.0548
536,EC:3.6.4.12/0.0014
537,EC:3.4.21.4/0.0025
538,EC:2.1.1.86/0.0000
539,EC:3.2.1.23/0.0201
540,EC:3.6.4.12/0.0041,EC:3.1.21.4/0.0021
541,EC:4.6.1.24/0.0517,EC:3.2.2.22/0.0359
542,EC:2.7.13.3/0.1874
543,EC:5.4.99.5/0.0008
544,EC:3.4.21.97/0.0000
545,EC:3.2.2.22/0.0083
546,EC:2.7.11.18/0.0000
547,EC:1.3.8.12/0.0000
548,EC:2.1.1.197/0.0009,EC:1.4.5.1/0.0006,EC:2.1.1.61/0.0005
549,EC:5.6.2.1/0.0005,EC:2.3.1.193/0.0004
550,EC:1.1.5.2/0.0000,EC:5.1.1.13/0.0000
551,EC:6.2.1.27/0.0182
552,EC:2.8.4.1/0.0000
553,EC:2.7.13.3/0.0005
554,EC:5.4.99.5/0.0007
555,EC:2.8.4.1/0.0001
556,EC:3.4.23.1/0.0003
557,EC:2.1.1.86/0.0010
558,EC:3.4.21.92/0.0025
559,EC:3.2.2.22/0.0051
560,EC:2.7.1.2/0.0001
561,EC:4.2.3.47/0.0032
562,EC:3.6.4.12/0.0083
563,EC:2.4.1.290/0.0000
564,EC:1.1.1.1/0.0000
565,EC:2.5.1.19/0.8618
566,EC:2.7.1.170/0.6819
567,EC:3.2.1.15/0.0016
568,EC:3.4.23.44/0.0012
569,EC:3.6.4.12/0.0010
570,EC:7.2.2.6/0.0000
571,EC:3.6.4.13/0.0000,EC:3.6.4.12/0.0000
572,EC:1.8.1.4/0.0008
573,EC:2.7.13.3/0.8587
574,EC:1.1.1.1/0.0005
575,EC:3.6.1.61/0.0000
576,EC:1.11.2.5/0.0335
577,EC:3.1.3.48/0.0010
578,EC:2.7.13.3/0.0014
579,EC:2.3.1.136/0.0005
580,EC:3.6.4.12/0.0061
581,EC:2.7.13.3/0.0002
582,EC:3.1.3.78/0.0002
583,EC:2.7.13.3/0.0049
584,EC:3.5.2.6/0.0124
585,EC:3.6.4.13/0.0072
586,EC:3.6.4.12/0.0005
587,EC:2.7.11.18/0.0007
588,EC:3.1.3.48/0.0008
589,EC:4.2.1.1/0.0001,EC:4.4.1.5/0.0001,EC:3.6.1.26/0.0001,EC:1.11.1.7/0.0001,EC:3.4.23.1/0.0001
590,EC:2.4.2.31/0.0447
591,EC:2.7.13.3/0.0057
592,EC:2.1.1.210/0.0003,EC:3.6.4.12/0.0003
593,EC:2.7.11.1/0.0001
594,EC:3.1.3.48/0.0000,EC:3.4.21.97/0.0000
595,EC:2.1.1.86/0.0003
596,EC:2.7.13.3/0.0007
597,EC:3.1.4.35/0.0002
598,EC:3.4.21.4/0.0009
599,EC:4.2.3.47/0.0001
600,EC:2.8.1.13/0.8727
601,EC:2.7.13.3/0.0001
602,EC:1.6.5.4/0.0000
603,EC:7.5.2.5/0.0002
604,EC:2.7.13.3/0.0014
605,EC:2.7.7.7/0.0047
606,EC:2.7.7.6/0.0001
607,EC:3.4.24.64/0.0620
608,EC:3.2.2.22/0.0003
609,EC:1.3.7.5/0.0740
610,EC:2.7.13.3/0.0553
611,EC:1.14.13.128/0.0000
612,EC:1.8.1.8/0.0001
613,EC:2.4.2.46/0.0000,EC:3.6.4.12/0.0000,EC:2.7.11.1/0.0000
614,EC:1.3.99.17/0.0001
615,EC:1.5.99.12/0.0001
616,EC:4.6.1.1/0.0003,EC:2.3.1.234/0.0003
617,EC:2.7.13.3/0.0002
618,EC:2.7.13.3/0.0084
619,EC:2.7.13.3/0.0000,EC:3.6.4.12/0.0000
620,EC:3.6.4.12/0.0276,EC:2.7.13.3/0.0267
621,EC:3.4.23.1/0.0000,EC:3.2.2.22/0.0000,EC:3.6.1.9/0.0000
622,EC:2.7.11.1/0.0014
623,EC:2.3.1.234/0.0000,EC:3.6.4.12/0.0000
624,EC:7.5.2.3/0.0006,EC:2.7.13.3/0.0005
625,EC:2.7.13.3/0.0010
626,EC:2.7.13.3/0.0000,EC:2.7.11.26/0.0000,EC:2.5.1.90/0.0000
627,EC:3.6.4.10/0.0006,EC:2.1.1.86/0.0004,EC:1.1.5.2/0.0004
628,EC:2.7.13.3/0.0076
629,EC:3.6.4.12/0.0002
630,EC:1.15.1.1/0.0004
631,EC:3.1.1.59/0.0001
632,EC:6.3.2.45/0.5237
633,EC:2.7.11.1/0.0004,EC:3.6.4.12/0.0003
634,EC:3.2.2.22/0.0104
635,EC:1.14.14.102/0.0000
636,EC:2.7.13.3/0.0149
637,EC:1.14.13.128/0.0000
638,EC:2.7.11.1/0.0003
639,EC:3.6.4.12/0.0059
640,EC:4.2.3.175/0.0000
641,EC:3.2.1.14/0.0007
642,EC:2.7.13.3/0.3161
643,EC:1.12.99.6/0.0000,EC:4.1.1.39/0.0000,EC:2.8.4.1/0.0000,EC:1.11.1.24/0.0000
644,EC:4.6.1.24/0.0009
645,EC:3.4.23.44/0.0000
646,EC:3.1.1.59/0.0004
647,EC:2.5.1.18/0.0001
648,EC:7.2.1.1/0.0000
649,EC:3.1.3.48/0.0000,EC:7.1.1.8/0.0000
650,EC:4.2.1.28/0.0003
651,EC:3.1.11.6/0.0008
652,EC:4.1.1.22/0.0000
653,EC:1.6.5.4/0.0000
654,EC:2.1.1.148/0.0319
655,EC:2.7.13.3/0.1732
656,EC:4.1.1.22/0.0011,EC:2.8.4.1/0.0007
657,EC:3.6.4.12/0.0002,EC:2.7.13.3/0.0002
658,EC:2.7.7.6/0.0060
659,EC:3.6.4.13/0.0000
660,EC:3.2.2.22/0.0160
661,EC:3.4.11.7/0.0000
662,EC:3.6.4.12/0.0032
663,EC:3.2.2.22/0.0021
664,EC:3.6.4.12/0.0111
665,EC:3.6.4.12/0.0001,EC:3.4.21.107/0.0001
666,EC:2.7.1.137/0.0094,EC:2.7.11.1/0.0090
667,EC:3.2.1.23/0.0016
668,EC:3.2.2.22/0.0137
669,EC:4.1.1.31/0.0001
670,EC:3.4.24.1/0.0017
671,EC:2.7.13.3/0.0222
672,EC:2.3.2.13/0.0048
673,EC:3.1.6.1/0.0106
674,EC:4.2.3.47/0.0012
675,EC:1.17.8.1/0.0139
676,EC:3.6.4.10/0.0015
677,EC:3.2.2.22/0.0110
678,EC:3.6.4.12/0.0024
679,EC:2.3.1.50/0.0005
680,EC:3.2.2.22/0.0020
681,EC:3.2.2.22/0.0033
682,EC:3.5.2.6/0.0010
683,EC:2.7.11.1/0.0000,EC:3.1.3.48/0.0000
684,EC:2.1.1.148/0.0003
685,EC:4.99.1.6/0.0014,EC:1.14.14.80/0.0011
686,EC:1.3.3.15/0.0044,EC:1.3.99.27/0.0025
687,EC:4.1.1.22/0.0000
688,EC:3.6.4.12/0.0008
689,EC:1.14.14.52/0.0001
690,EC:3.1.3.3/0.0000
691,EC:3.5.1.4/0.0000
692,EC:2.7.13.3/0.0324
693,EC:3.6.4.12/0.0015
694,EC:5.4.99.5/0.0001
695,EC:2.3.2.27/0.1457
696,EC:2.3.1.234/0.0000,EC:1.8.1.7/0.0000
697,EC:3.2.2.6/0.0315
698,EC:2.7.11.18/0.0002
699,EC:2.7.13.3/0.9356
700,EC:2.4.2.46/0.0000
701,EC:2.7.13.3/0.1043
702,EC:2.7.7.83/0.1972,EC:2.3.1.276/0.1256
703,EC:3.1.4.35/0.0002
704,EC:2.7.1.17/0.0002
705,EC:3.6.4.12/0.0004
706,EC:1.8.1.7/0.0002
707,EC:4.2.1.1/0.0010
708,EC:3.6.4.12/0.0051
709,EC:3.2.2.22/0.0002
710,EC:3.4.22.45/0.0006
711,EC:2.7.11.1/0.0004
712,EC:2.3.2.27/0.0237
713,EC:1.1.1.100/0.1836
714,EC:2.3.1.275/0.0007
715,EC:5.2.1.8/0.0007
716,EC:2.4.1.198/0.0003
717,EC:3.6.4.12/0.0001,EC:3.4.23.44/0.0000,EC:3.1.11.6/0.0000
718,EC:2.7.1.221/0.0001
719,EC:2.8.4.1/0.0051
720,EC:2.7.13.3/0.4190
721,EC:2.7.10.1/0.0000,EC:2.7.11.1/0.0000
722,EC:2.7.1.17/0.0001
723,EC:2.7.10.1/0.0001
724,EC:2.3.1.136/0.0016
725,EC:4.2.3.47/0.0002
726,EC:3.4.11.6/0.0000
727,EC:6.2.1.14/0.0000,EC:2.8.4.1/0.0000,EC:3.6.4.12/0.0000
728,EC:1.3.99.17/0.0000,EC:5.4.99.5/0.0000,EC:3.2.2.22/0.0000,EC:5.3.4.1/0.0000
729,EC:1.14.99.60/0.0000
730,EC:1.1.1.34/0.0000
731,EC:2.5.1.91/0.0000
732,EC:4.2.2.2/0.0003
733,EC:2.7.11.18/0.0010,EC:3.5.2.6/0.0009
734,EC:2.1.1.n11/0.0018
735,EC:3.1.1.103/0.0009
736,EC:7.1.2.2/0.0001
737,EC:1.8.1.4/0.9957
738,EC:3.4.21.107/0.0057
739,EC:2.7.13.3/0.0248
740,EC:3.6.4.12/0.0032
741,EC:1.14.14.61/0.0000
742,EC:2.7.7.6/0.0000
743,EC:6.2.1.14/0.0000,EC:3.4.22.45/0.0000
744,EC:2.7.13.3/0.0016
745,EC:1.3.7.15/0.0003
746,EC:2.7.13.3/0.0078
747,EC:1.6.5.4/0.0003
748,EC:3.2.2.22/0.0056
749,EC:3.6.4.12/0.0000
750,EC:2.4.1.198/0.0011
751,EC:3.5.2.6/0.0001,EC:5.1.3.37/0.0001
752,EC:5.6.1.1/0.0000,EC:1.8.1.8/0.0000,EC:5.3.4.1/0.0000
753,EC:2.7.11.12/0.0033
754,EC:2.7.11.1/0.0007
755,EC:3.2.2.6/0.0054,EC:2.7.13.3/0.0038
756,EC:3.4.11.6/0.0000,EC:3.4.17.6/0.0000,EC:3.4.11.7/0.0000
757,EC:2.4.1.198/0.0032
758,EC:2.7.11.1/0.0262
759,EC:3.6.4.12/0.0019
760,EC:3.5.2.12/0.0182,EC:3.5.1.4/0.0072
761,EC:2.7.11.1/0.0006
762,EC:3.6.4.13/0.0001,EC:3.6.4.12/0.0001
763,EC:3.6.4.12/0.0000,EC:2.3.2.27/0.0000
764,EC:3.6.4.12/0.0086
765,EC:3.1.3.48/0.0000,EC:3.5.4.33/0.0000,EC:2.1.1.63/0.0000,EC:2.4.1.186/0.0000,EC:3.5.1.3/0.0000
766,EC:3.2.1.1/0.0003
767,EC:1.2.1.88/0.0000,EC:2.4.1.356/0.0000
768,EC:3.6.4.12/0.0009
769,EC:3.1.1.4/0.0002
770,EC:3.4.23.1/0.0037
771,EC:2.5.1.90/0.0000,EC:2.5.1.9/0.0000
772,EC:3.1.3.3/0.0002
773,EC:1.14.13.7/0.0000,EC:2.7.7.6/0.0000,EC:1.14.13.149/0.0000
774,EC:3.4.24.11/0.0002
775,EC:6.2.1.14/0.0001,EC:3.6.4.12/0.0001,EC:2.8.4.1/0.0001
776,EC:2.7.11.1/0.0003
777,EC:3.5.1.82/0.2765
778,EC:3.4.23.42/0.0046
779,EC:2.7.11.18/0.0000,EC:3.1.3.77/0.0000
780,EC:3.2.2.22/0.0082
781,EC:6.3.4.3/0.0002,EC:1.1.1.60/0.0002
782,EC:2.7.13.3/0.0090
783,EC:3.6.4.12/0.0000
784,EC:3.2.2.22/0.0021
785,EC:1.3.7.5/0.0067
786,EC:3.6.4.12/0.0000
787,EC:2.7.13.3/0.0001
788,EC:3.2.2.22/0.0030
789,EC:3.4.23.1/0.0003,EC:3.5.2.6/0.0002
790,EC:2.7.11.1/0.0048
791,EC:3.6.4.13/0.0015,EC:7.3.2.6/0.0014,EC:3.6.4.12/0.0014
792,EC:4.6.1.23/0.0439
793,EC:4.1.1.28/0.0001
794,EC:2.8.4.1/0.0045,EC:2.1.1.86/0.0030
795,EC:1.1.5.2/0.0006
796,EC:3.1.11.6/0.0000
797,EC:1.21.3.3/0.0027
798,EC:1.3.99.27/0.5732
799,EC:2.7.11.1/0.0000
800,EC:1.14.99.60/0.0000,EC:2.3.1.178/0.0000
801,EC:1.3.99.27/0.3979
802,EC:2.7.13.3/0.0032
803,EC:3.4.21.107/0.0005
804,EC:6.3.1.2/0.0007
805,EC:4.2.3.126/0.0000
806,EC:4.1.1.28/0.0003,EC:4.1.1.25/0.0002
807,EC:3.6.4.10/0.0003
808,EC:7.2.2.9/0.0002
809,EC:3.6.4.12/0.0028
810,EC:6.2.1.14/0.0000
811,EC:3.2.2.22/0.0770
812,EC:7.1.1.1/0.0000
813,EC:1.13.12.3/0.0000
814,EC:3.6.4.12/0.0041
815,EC:3.6.4.12/0.0000
816,EC:2.7.2.4/0.9355
817,EC:3.6.4.12/0.0072
818,EC:3.5.1.28/0.0644
819,EC:2.7.13.3/0.0004
820,EC:3.5.4.35/0.0002
821,EC:2.7.11.18/0.0100
822,EC:1.4.3.2/0.0000,EC:3.4.17.2/0.0000
823,EC:2.7.1.19/0.0008
824,EC:1.8.5.7/0.0001
825,EC:3.6.4.12/0.0000
826,EC:3.2.1.132/0.0010
827,EC:2.7.13.3/0.0000
828,EC:3.2.2.22/0.0036
829,EC:3.6.4.12/0.0220
830,EC:4.1.1.28/0.0001,EC:1.3.7.15/0.0001
831,EC:2.7.7.6/0.0000
832,EC:5.3.4.1/0.0007
833,EC:3.2.2.22/0.0000
834,EC:2.7.13.3/0.0000
835,EC:3.2.2.22/0.0015
836,EC:2.7.13.3/0.0030
837,EC:3.1.1.75/0.0000,EC:2.1.3.1/0.0000
838,EC:2.4.2.43/0.0000
839,EC:2.7.12.1/0.0083,EC:2.7.11.1/0.0066
840,EC:3.4.21.97/0.0004
841,EC:3.4.11.2/0.0000
842,EC:7.2.1.2/0.0000
843,EC:2.7.13.3/0.0059
844,EC:4.1.1.22/0.0000
845,EC:2.7.13.3/0.0092
846,EC:4.1.1.25/0.0000,EC:4.1.1.28/0.0000
847,EC:3.2.1.1/0.0004
848,EC:1.14.11.27/0.0008
849,EC:3.5.1.121/0.0011
850,EC:3.5.1.82/0.0039
851,EC:1.11.1.11/0.0000
852,EC:3.6.4.12/0.0242
853,EC:3.6.4.10/0.0011
854,EC:4.1.1.25/0.0000,EC:4.1.1.28/0.0000
855,EC:2.7.13.3/0.0003
856,EC:1.6.5.4/0.0041
857,EC:3.5.1.121/0.0005
858,EC:7.1.1.8/0.0000
859,EC:3.6.4.12/0.0004
860,EC:2.4.2.31/0.0002
861,EC:1.15.1.1/0.0001
862,EC:2.7.11.1/0.0001
863,EC:7.6.2.2/0.0000,EC:2.7.13.3/0.0000,EC:7.5.2.13/0.0000
864,EC:3.2.2.22/0.0015
865,EC:3.5.2.6/0.0002,EC:2.7.11.1/0.0002
866,EC:3.6.4.12/0.0005
867,EC:2.7.11.1/0.0083
868,EC:6.3.1.2/0.0000
869,EC:1.14.13.83/0.0004
870,EC:3.6.4.12/0.0040
871,EC:1.2.99.6/0.0000,EC:1.3.99.17/0.0000
872,EC:4.2.1.1/0.0146
873,EC:3.4.21.97/0.0000
874,EC:2.8.4.1/0.0005
875,EC:3.5.4.4/0.0000,EC:3.1.3.48/0.0000
876,EC:4.2.3.47/0.0000,EC:2.7.10.1/0.0000
877,EC:4.2.3.163/0.0000,EC:4.2.3.171/0.0000
878,EC:3.4.11.2/0.0003
879,EC:3.6.4.13/0.0004
880,EC:3.2.1.49/0.0000
881,EC:2.7.11.1/0.0021
882,EC:3.2.1.14/0.0091
883,EC:3.6.4.12/0.0000
884,EC:1.6.5.4/0.0154
885,EC:3.6.4.12/0.0001
886,EC:3.1.4.1/0.0000
887,EC:3.6.4.10/0.0008,EC:2.1.1.86/0.0006
888,EC:3.1.11.6/0.0089
889,EC:3.2.1.143/0.0006
890,EC:1.8.5.2/0.0000
891,EC:3.1.1.4/0.0008,EC:2.3.1.136/0.0006
892,EC:4.2.1.1/0.0010
893,EC:1.14.13.128/0.0013,EC:3.2.2.22/0.0009
894,EC:3.6.4.12/0.0014
895,EC:2.7.11.1/0.0092
896,EC:1.14.13.7/0.0000
897,EC:3.6.4.12/0.0018
898,EC:3.6.4.10/0.0010
899,EC:3.6.4.12/0.0001
900,EC:2.7.11.1/0.0003
901,EC:3.4.11.18/0.0000
902,EC:2.4.1.331/0.0004,EC:2.4.1.115/0.0004
903,EC:2.7.13.3/0.0043
904,EC:4.1.1.28/0.0000,EC:2.4.2.46/0.0000
905,EC:3.6.4.12/0.0054
906,EC:3.6.4.12/0.0004
907,EC:1.11.1.7/0.1320
908,EC:3.6.4.10/0.0067
909,EC:2.7.13.3/0.0033
910,EC:2.7.13.3/0.5240
911,EC:7.2.2.9/0.0000
912,EC:2.3.1.136/0.0001
913,EC:3.1.11.6/0.0002,EC:3.6.4.12/0.0001
914,EC:2.1.1.14/0.0000,EC:2.3.1.193/0.0000
915,EC:7.5.2.3/0.1731,EC:7.5.2.5/0.1088
916,EC:4.2.2.17/0.0001
917,EC:1.14.13.128/0.0000,EC:3.6.4.13/0.0000
918,EC:3.6.4.12/0.0101
919,EC:1.2.1.31/0.0015
920,EC:4.2.3.128/0.0000
921,EC:1.14.14.51/0.0000
922,EC:2.7.13.3/0.0016
923,EC:3.6.4.12/0.0004
924,EC:3.6.4.13/0.0040
925,EC:2.7.11.1/0.0012
926,EC:2.7.11.1/0.0013
927,EC:1.14.11.27/0.0013
928,EC:3.6.1.25/0.0001
929,EC:6.3.1.2/0.0000
930,EC:4.1.1.22/0.0000
931,EC:3.2.2.22/0.0005
932,EC:4.1.1.28/0.0000
933,EC:3.6.4.12/0.0000
934,EC:2.1.1.355/0.0004
935,EC:3.6.4.13/0.0001,EC:3.1.11.6/0.0000,EC:2.3.1.234/0.0000
936,EC:3.2.2.22/0.0001
937,EC:3.5.2.6/0.0000
938,EC:7.6.2.2/0.4317
939,EC:3.2.2.22/0.0002,EC:3.6.4.12/0.0001,EC:4.3.3.6/0.0001
940,EC:3.2.2.22/0.0001
941,EC:3.6.4.12/0.0015
942,EC:2.7.13.3/0.0172
943,EC:2.7.13.3/0.2988
944,EC:2.7.11.1/0.0000
945,EC:3.6.4.12/0.0001
946,EC:1.1.99.24/0.0000
947,EC:2.8.4.1/0.0072
948,EC:5.3.4.1/0.0201
949,EC:2.7.11.1/0.0003
950,EC:2.1.1.n11/0.0004
951,EC:3.6.4.12/0.0000
952,EC:2.7.7.6/0.0026
953,EC:7.1.1.8/0.0000,EC:1.11.1.7/0.0000
954,EC:2.1.1.309/0.0000
955,EC:2.4.1.198/0.0001
956,EC:3.6.4.12/0.0009
957,EC:2.7.4.2/0.0000
958,EC:3.4.22.36/0.0000
959,EC:4.2.2.3/0.0000
960,EC:3.6.1.52/0.0000
961,EC:2.7.13.3/0.0000
962,EC:2.7.7.65/0.0029,EC:3.4.22.45/0.0020
963,EC:2.7.11.1/0.0006
964,EC:3.2.2.22/0.0003
965,EC:3.6.4.12/0.0001
966,EC:3.2.2.22/0.0012,EC:3.4.23.32/0.0007
967,EC:4.1.1.22/0.0000
968,EC:2.7.11.1/0.0003
969,EC:2.7.13.3/0.0053
970,EC:2.3.2.27/0.0002,EC:2.7.13.3/0.0002
971,EC:2.7.8.40/0.0001
972,EC:2.7.10.1/0.0005
973,EC:2.7.11.1/0.0006
974,EC:3.2.1.8/0.0001
975,EC:3.6.4.12/0.0000
976,EC:2.7.11.1/0.0002
977,EC:4.1.1.22/0.0000
978,EC:4.1.1.110/0.0000
979,EC:2.3.1.234/0.0000
980,EC:1.14.13.128/0.0000
981,EC:2.7.11.1/0.0000,EC:2.8.4.4/0.0000,EC:2.7.10.2/0.0000
982,EC:2.7.11.1/0.0212
983,EC:3.2.2.22/0.0003
984,EC:1.3.99.17/0.0000
985,EC:3.2.1.14/0.0000,EC:3.6.4.12/0.0000
986,EC:5.4.99.5/0.0027
987,EC:2.7.11.1/0.0026
988,EC:3.6.4.12/0.0288
989,EC:3.5.2.6/0.0003,EC:1.14.11.27/0.0002
990,EC:3.1.3.48/0.0001
991,EC:1.14.11.27/0.0003
992,EC:3.6.4.12/0.0000
993,EC:4.2.3.131/0.0000,EC:4.2.3.189/0.0000,EC:1.2.1.58/0.0000,EC:4.2.3.147/0.0000
994,EC:4.1.1.28/0.0006
995,EC:2.4.2.46/0.0000
996,EC:3.6.4.12/0.0002,EC:7.2.2.9/0.0001
997,EC:2.7.11.1/0.0000
998,EC:3.6.4.13/0.0000,EC:4.2.3.81/0.0000
999,EC:1.1.1.49/0.0002
